{"cameraMode":{"drawMode":0,"name":"Shaded","section":"Shading Mode"},"sceneLighting":true,"audioPlay":false,"sceneViewState":{"m_AlwaysRefresh":false,"showFog":true,"showSkybox":true,"showFlares":true,"showImageEffects":true,"showParticleSystems":true,"showVisualEffectGraphs":true,"m_FxEnabled":true},"in2DMode":false,"pivot":{"x":55.42091369628906,"y":-509.32086181640627,"z":1104.4320068359375},"rotation":{"x":0.2160567194223404,"y":0.017569374293088914,"z":-0.003888507839292288,"w":0.9762161374092102},"size":621.7591552734375,"orthographic":false}