{"cameraMode":{"drawMode":0,"name":"Shaded","section":"Shading Mode"},"sceneLighting":false,"audioPlay":false,"sceneViewState":{"m_AlwaysRefresh":false,"showFog":true,"showSkybox":false,"showFlares":true,"showImageEffects":true,"showParticleSystems":true,"showVisualEffectGraphs":true,"m_FxEnabled":true},"in2DMode":false,"pivot":{"x":-0.08510398864746094,"y":2.532768726348877,"z":0.012814044952392578},"rotation":{"x":-0.3924892842769623,"y":0.04329252243041992,"z":-0.018498985096812249,"w":-0.9185518026351929},"size":7.8845415115356449,"orthographic":false}